create table order_links (id bigint generated by default as identity, created_date timestamp, links varchar(255), category_id bigint, sub_category_id bigint, primary key (id));
create table parser_category (id bigint generated by default as identity, link varchar(255), name varchar(255), parse boolean not null, primary key (id));
create table parser_category_sub_categories (parser_category_id bigint not null, sub_categories_id bigint not null, primary key (parser_category_id, sub_categories_id));
create table parser_sub_category (id bigint generated by default as identity,link varchar(255),name varchar(255), parse boolean not null, primary key (id));
create table site_source_job (id bigint generated by default as identity,name varchar(255),primary key (id));
create table site_source_job_categories (site_source_job_id bigint not null,categories_id bigint not null, primary key (site_source_job_id, categories_id));

alter table parser_category_sub_categories add constraint UK_4un3gq1dvfi8drdqbv9cmvmk6 unique (sub_categories_id);
alter table order_links add constraint FKv04v6k1tkycvpbyh9ml16ni1 foreign key (category_id) references parser_category;
alter table order_links  add constraint FKt3jyaekcmf2e15trly7kfj8se  foreign key (sub_category_id) references parser_sub_category;
alter table parser_category_sub_categories add constraint FK61ajuo136q697vapr0ncbiibp foreign key (sub_categories_id)  references parser_sub_category;
alter table parser_category_sub_categories add constraint FK99fcqm5qw88dtcuomfaodtgjo foreign key (parser_category_id)  references parser_category;
alter table site_source_job_categories  add constraint FKc5qb9u0gyiv72urng5scjvi7l  foreign key (categories_id) references parser_category;
alter table site_source_job_categories add constraint FKn59349f44qsc973wwxkhp7uw1 foreign key (site_source_job_id) references site_source_job;

insert into parser_sub_category(id,link, name, parse) values(1,'https://www.fl.ru/rss/all.xml?category=2&subcategory=9','Веб-программирование', true);
insert into parser_sub_category(id,link, name, parse) values(2,'https://www.fl.ru/rss/all.xml?category=2&subcategory=85','Копирайтинг', true);
insert into parser_sub_category(id,link, name, parse) values(3,'https://freelance.habr.com/user_rss_tasks/O55VAinL%2Fg+7fH+Y+q%2FV5w==','Сайты «под ключ»', true);

insert into parser_category(id,link, name, parse) values(1,'Разработка сайтов','https://www.fl.ru/rss/all.xml?category=2', true);
insert into parser_category(id,link, name, parse) values(2,'Разработка','https://freelance.habr.com/user_rss_tasks/O55VAinL%2Fg+7fH+Y+q%2FV5w==', true);

insert into parser_category_sub_categories(parser_category_id, sub_categories_id) values(1,1);
insert into parser_category_sub_categories(parser_category_id, sub_categories_id) values(1,2);
insert into parser_category_sub_categories(parser_category_id, sub_categories_id) values(2,3);

insert into site_source_job(id,name) values (1,'FLRU');
insert into site_source_job(id,name) values (2,'HUBR');

insert into site_source_job_categories(site_source_job_id, categories_id) values (1,1);
insert into site_source_job_categories(site_source_job_id, categories_id) values (2,2);